calibration_at,status,exclusion_reason,missing_inputs,estimation_start,estimation_end,estimation_observations,alpha,beta_btc,beta_fork,sigma_bch,sigma_ltc,sigma_doge,sigma_etc,return_bsv,return_btc,fork_factor,benchmark_implied_return,residual
2025-09-01T08:00:00Z,USED,,,2025-06-03T08:00:00Z,2025-09-01T08:00:00Z,90,-0.0045612714458416791,0.55179915626472109,0.020719055108322983,0.029978124985093148,0.036562260353327387,0.044306809692281957,0.040234485871003485,-0.012040294933730369,0.01112047118413108,0.29500591101538076,0.012248510344278374,-0.024288805278008745
2025-09-02T08:00:00Z,USED,,,2025-06-04T08:00:00Z,2025-09-02T08:00:00Z,90,-0.0048345766843777777,0.53857270035670823,0.020879639841362211,0.030245134565555318,0.036560530281553566,0.044333849393259302,0.040237048271467672,0.027139479887192841,0.0066108034687607647,0.50996198951336424,0.014208220949521556,0.012931258937671285
2025-09-03T08:00:00Z,USED,,,2025-06-05T08:00:00Z,2025-09-03T08:00:00Z,90,-0.004600873540420998,0.53763458374248652,0.020992661092116182,0.030602181009784131,0.036401433686815567,0.044201059309801276,0.040175293537381571,-0.026843010691786913,-0.0045457578988090898,-0.2533063214572871,-0.0077615304145638104,-0.019081480277223103
2025-09-04T08:00:00Z,USED,,,2025-06-06T08:00:00Z,2025-09-04T08:00:00Z,90,-0.0048398641611979388,0.53581521039867874,0.020983042302083959,0.030328001735399606,0.036055892544258061,0.043429384309367276,0.039891468213928936,0.0070375233467220282,0.021660187973038265,0.46597325354677371,0.021383394666860074,-0.014345871320138046
2025-09-05T08:00:00Z,USED,,,2025-06-07T08:00:00Z,2025-09-05T08:00:00Z,90,-0.004749498423719186,0.52439097277728286,0.021285619444425894,0.03004827097614194,0.03571192505531464,0.043020072595657426,0.039756067474046634,-0.014997837218725621,-0.01808756364316132,-0.07295431255183453,-0.011037832827816433,-0.0039600043909091883
2025-09-06T08:00:00Z,USED,,,2025-06-08T08:00:00Z,2025-09-06T08:00:00Z,90,-0.004779473748703955,0.52144177481571474,0.02133889359542333,0.030075486359377297,0.035710121589256655,0.043004572557805723,0.039772137181378391,0.003357099886409377,-0.0005399467440571164,0.039182266749836103,0.00055455543247513684,0.0028025444539342402
2025-09-07T08:00:00Z,USED,,,2025-06-09T08:00:00Z,2025-09-07T08:00:00Z,90,-0.0049184418943284099,0.51695175806158844,0.021441234733648385,0.030130782138394412,0.035748628102556329,0.042987402770219257,0.039732634598292585,-0.00036775573856379388,0.0053718735056921306,0.24572789450362362,0.0080457089195093961,-0.0084134646580731904
2025-09-08T08:00:00Z,USED,,,2025-06-10T08:00:00Z,2025-09-08T08:00:00Z,90,-0.0048699225427957862,0.52892925433574767,0.021339771344368208,0.030201181834618541,0.035563623418595626,0.043201982564364548,0.039256940265218948,0.016184507352354403,0.014827139896186749,0.27806277428920406,0.013776304071934154,0.0024082032804202489
2025-09-09T08:00:00Z,USED,,,2025-06-11T08:00:00Z,2025-09-09T08:00:00Z,90,-0.00466973648722832,0.52454551731036703,0.021482177188498614,0.029668468947936569,0.035539721150693822,0.04299661794464537,0.039118882339218952,-0.0076646581335292436,-0.0062315045688522662,-0.14758690373987771,-0.0064391958045324693,-0.0012254623289967743
2025-09-10T08:00:00Z,USED,,,2025-06-12T08:00:00Z,2025-09-10T08:00:00Z,90,-0.0044486369171299811,0.51889586915199482,0.021137225306093573,0.029413410884267258,0.035435229435693147,0.042490848026294437,0.038934782526872186,0.022139387643546043,0.01582214329323459,0.91645357635523794,0.027581330521986261,-0.0054419428784402181
2025-09-11T08:00:00Z,USED,,,2025-06-13T08:00:00Z,2025-09-11T08:00:00Z,90,-0.0041391216360262724,0.50947297701781713,0.020253474557832083,0.029307822858540986,0.034833345020637875,0.041554499023431182,0.038059121809798931,-0.00075051586098501407,0.0094127051507542844,0.1120761731540154,0.00706545083645976,-0.0078159666974447744
2025-09-12T08:00:00Z,USED,,,2025-06-14T08:00:00Z,2025-09-12T08:00:00Z,90,-0.0043388847501906582,0.51774691364830239,0.019914506876441081,0.029041046342899505,0.034750335837384516,0.041708604642980936,0.037996764256364855,0.014447846704404941,0.0054931288534792056,0.95881126219602142,0.021938303984373117,-0.0074904572799681761
2025-09-13T08:00:00Z,USED,,,2025-06-15T08:00:00Z,2025-09-13T08:00:00Z,90,-0.0043963629157343122,0.52024357612446936,0.019959445013299309,0.029001612228528918,0.0347995479431163,0.042621167284780943,0.038061943793094008,0.0098921745805604418,-0.00021035321566053035,-0.21133914457112155,-0.0043276469443895293,0.014219821524949971
2025-09-14T08:00:00Z,USED,,,2025-06-16T08:00:00Z,2025-09-14T08:00:00Z,90,-0.0041453115780394883,0.52680816176778655,0.019800811226337863,0.028895087921280389,0.034801079537156838,0.042667640542520348,0.038025615772150002,-0.022203163354849609,0.00048439867882324206,-0.66839480290443687,-0.01297957413942244,-0.0092235892154271699
2025-09-15T08:00:00Z,USED,,,2025-06-17T08:00:00Z,2025-09-15T08:00:00Z,90,-0.0044834699379351448,0.53479264189607945,0.019824264719959624,0.028631360518245514,0.034807127900591352,0.043437522180574638,0.038202010232661746,-0.01546670155150507,-0.0005489398628196209,-0.26727027001640552,-0.0055920055840596866,-0.0098746959674453835
2025-09-16T08:00:00Z,USED,,,2025-06-18T08:00:00Z,2025-09-16T08:00:00Z,90,-0.0044238267251790432,0.52454776421280602,0.019878399759332296,0.028621997001661768,0.034757503209001631,0.043405893827970422,0.038166427563485185,0.0035568863288078971,0.012249983757639034,0.1696894151575673,0.0097988556211421676,-0.0062419692923342705
2025-09-17T08:00:00Z,USED,,,2025-06-19T08:00:00Z,2025-09-17T08:00:00Z,90,-0.0043117239687778218,0.52423596361781,0.019795981707402491,0.028515635792012807,0.034755646881399531,0.043393683089553582,0.038158548544455231,0.012739535647910085,-0.00072542846732595167,0.79861623381856772,0.015429096664302627,-0.0026895610163925419
2025-09-18T08:00:00Z,USED,,,2025-06-20T08:00:00Z,2025-09-18T08:00:00Z,90,-0.0046719341488676213,0.52761645355530085,0.019411377905357883,0.02830396495601489,0.034755753394113763,0.04353669215630282,0.038150363970828841,-0.004890030916464257,-0.0016687996898756675,-0.31440673600094815,-0.0069835541425708799,0.0020935232261066229
2025-09-19T08:00:00Z,USED,,,2025-06-21T08:00:00Z,2025-09-19T08:00:00Z,90,-0.0045470901280694771,0.52651739781801854,0.019240924162820614,0.028190239557233352,0.034672606276520634,0.04327303486111133,0.037983605300007849,-0.015819764069484352,-0.0088913827772790065,-0.57941216758096681,-0.015829893298337779,1.0129228853426875e-05
2025-09-20T08:00:00Z,USED,,,2025-06-22T08:00:00Z,2025-09-20T08:00:00Z,90,-0.0042988505759778599,0.52744438074718136,0.018859470434019435,0.028095469451138725,0.034616685503231992,0.043212702063474356,0.03761358313979575,0.00080191053888396834,-0.0014259880267212339,-0.087043405564015006,-0.0023937219054177799,0.0031956324443017485
2025-09-21T08:00:00Z,USED,,,2025-06-23T08:00:00Z,2025-09-21T08:00:00Z,90,-0.0042422191639327166,0.52751707930328395,0.018843338724504971,0.02809924306536182,0.034609670330166833,0.043149143033016202,0.037612063182240821,-0.059432784906673912,-0.026065996923177275,-2.2388561828024836,-0.055937783974042275,-0.0034950009326316367
2025-09-22T08:00:00Z,USED,,,2025-06-24T08:00:00Z,2025-09-22T08:00:00Z,90,-0.004416686621852994,0.49920562754553427,0.019304208845346466,0.028529277737469567,0.035571444669249101,0.044645770893396247,0.038163050315134013,-0.0019168518383854568,0.002229854634941113,0.074767532929034597,0.0025564840528844992,-0.0044733358912699556
2025-09-23T08:00:00Z,USED,,,2025-06-25T08:00:00Z,2025-09-23T08:00:00Z,90,-0.0044802193360398233,0.49816727344272782,0.019170343911886691,0.028056397004380323,0.035568819923361486,0.044631992434064259,0.038197098729858173,0.0090212989104083152,-0.0041820752720822425,-0.098312761635048845,-0.0039680624870966907,0.012989361397505006
2025-09-24T08:00:00Z,USED,,,2025-06-26T08:00:00Z,2025-09-24T08:00:00Z,90,-0.0043429736421396956,0.49248850360796476,0.019085199189765041,0.027689204871211993,0.03556686435032036,0.044647557927041732,0.03818653500466225,-0.025194522622549436,-0.0063875643895944445,-0.67470109955050539,-0.016022606906405779,-0.0091719157161436575
2025-09-25T08:00:00Z,USED,,,2025-06-27T08:00:00Z,2025-09-25T08:00:00Z,90,-0.0040483943248007725,0.4839652471871555,0.01901903026506643,0.02775311904417423,0.035647856772210093,0.044605428896019254,0.038241485287128417,-0.039119504646255361,-0.025150355896537576,-0.49106278623981275,-0.02151143620185559,-0.017608068444399771
2025-09-26T08:00:00Z,USED,,,2025-06-28T08:00:00Z,2025-09-26T08:00:00Z,90,-0.0042549113024126914,0.50387669502164856,0.018913245881565739,0.027752590382044109,0.035685035199914832,0.044781831154097902,0.038329117195488677,0.012502079295927773,0.0033450185273143141,0.24952438087214568,0.006404792849209669,0.0060972864467181039
2025-09-27T08:00:00Z,USED,,,2025-06-29T08:00:00Z,2025-09-27T08:00:00Z,90,-0.0042033422918902313,0.50555619264201457,0.018917074860845824,0.027714481593667947,0.035673401652410223,0.044827707463801165,0.038336593140188939,-0.016259587305470447,0.00072673618692142242,-0.10318881134210538,-0.0015846244892451344,-0.014674962816225313
2025-09-28T08:00:00Z,USED,,,2025-06-30T08:00:00Z,2025-09-28T08:00:00Z,90,-0.0043159770980893391,0.50366054986445929,0.018951583853396434,0.027658508423759998,0.035672715305173582,0.044833925411134401,0.038298888834988623,0.01842048243371229,0.020472167513805612,0.58887517926447241,0.02147114048593516,-0.0030506580522228696
2025-09-29T08:00:00Z,USED,,,2025-07-01T08:00:00Z,2025-09-29T08:00:00Z,90,-0.0016681066080253015,0.34485745368960058,0.021343265513895846,0.027227905284227274,0.035712839742042153,0.044773138115167602,0.038262420013665775,0.009535293878506667,0.017549396866829284,-0.039943620974186855,0.0051995130092445116,0.0043357808692621553
2025-09-30T08:00:00Z,USED,,,2025-07-02T08:00:00Z,2025-09-30T08:00:00Z,90,-0.0019611880783065084,0.33325117236488483,0.021713101512711743,0.026905058727580578,0.035576595497459146,0.044762069470372805,0.038259879339074203,0.021801928471362187,0.0069664465668289322,0.10119823160802904,0.0045189039614251178,0.017283024509937069
2025-10-01T08:00:00Z,USED,,,2025-07-03T08:00:00Z,2025-10-01T08:00:00Z,90,-0.0015969231475774545,0.34749134858280023,0.021548744901988787,0.026911234909851575,0.03473937611093815,0.044016232415664054,0.037772339876879446,0.10629430380672444,0.03396625515000911,2.3288275155279337,0.061986289861227922,0.044308013945496522
2025-10-02T08:00:00Z,USED,,,2025-07-04T08:00:00Z,2025-10-02T08:00:00Z,90,-0.00085883952402973532,0.39017045846175175,0.022393998422799089,0.026568993079357801,0.036567778458259266,0.044686161343290988,0.038585569827159216,0.0083595867247568331,0.010302792732425806,-0.039931740056509075,0.0031256140400018929,0.0052339726847549402
2025-10-03T08:00:00Z,USED,,,2025-07-05T08:00:00Z,2025-10-03T08:00:00Z,90,-0.0011447328193450116,0.40824313788701583,0.022267839667004356,0.026625363278797338,0.036620243233456418,0.044641590615038189,0.038591176934061368,0.065077707026191131,0.021497242952882002,-0.02239709048025839,0.008277367099182302,0.056800339927008829
2025-10-04T08:00:00Z,USED,,,2025-07-06T08:00:00Z,2025-10-04T08:00:00Z,90,-0.00046073941599179613,0.50322295370834103,0.020987827212832141,0.026679788002483704,0.036659912322397813,0.044640651265674861,0.038587826501630153,0.020096635986003735,0.019713922818158574,0.72896054242744879,0.025219796379171711,-0.0051231603931679755
2025-10-05T08:00:00Z,USED,,,2025-07-07T08:00:00Z,2025-10-05T08:00:00Z,90,-0.00056009854110969793,0.50024274943654312,0.020912511180790318,0.026649777804028597,0.036739410925657842,0.044427696797630652,0.038605065279254745,-0.035590176587308051,-0.010402207577167848,-0.55181719019383346,-0.016743512078292926,-0.018846664509015124
2025-10-06T08:00:00Z,USED,,,2025-07-08T08:00:00Z,2025-10-06T08:00:00Z,90,-0.00091785527340633563,0.50730055917501748,0.021080993871543007,0.026688866823212469,0.036760271915790628,0.04443723255702494,0.038684783833808918,-0.014199226515386076,0.0018598831012333148,-0.0058824248749043198,0.00081951237451815618,-0.015018738889904232
2025-10-07T08:00:00Z,USED,,,2025-07-09T08:00:00Z,2025-10-07T08:00:00Z,90,-0.00097637552487560698,0.5016514577222364,0.021221949636927365,0.026629877950952171,0.036804440815299454,0.044429300444601569,0.03854144497765262,-0.10452862718697201,-0.018242816828270572,-0.94470447126111001,-0.029200006365745049,-0.07532862082122696
2025-10-08T08:00:00Z,USED,,,2025-07-10T08:00:00Z,2025-10-08T08:00:00Z,90,-0.0018318401878986785,0.54193584933589056,0.021890276614571342,0.026801375835601497,0.036723749195197393,0.044511127856333842,0.038531415010445068,0.015023999631818588,0.0035619236378271776,0.17305939436699269,0.0057186521253791162,0.0093053475064394722
2025-10-09T08:00:00Z,USED,,,2025-07-11T08:00:00Z,2025-10-09T08:00:00Z,90,-0.0015500212862545317,0.6000786174888163,0.021277768067466871,0.026786930963523057,0.036493239499704941,0.043716520329618327,0.038235103838178547,-0.015975878892267103,-0.0062892771609234831,1.0632366016658692,0.018849241067357074,-0.034825119959624173
2025-10-10T08:00:00Z,USED,,,2025-07-12T08:00:00Z,2025-10-10T08:00:00Z,90,-0.0020210566960396567,0.650210014686327,0.02043689779703544,0.026817956214685079,0.037538892838904027,0.043690770035265863,0.038522219359147111,-0.20190485856007939,-0.09086988926749448,-6.1217537759305864,-0.18419416829247168,-0.017710690267607715
2025-10-11T08:00:00Z,USED,,,2025-07-13T08:00:00Z,2025-10-11T08:00:00Z,90,-0.0021454225783538038,0.67064245078892915,0.025311674140107435,0.02900901585120097,0.04696883042217475,0.051622365741160414,0.04940729615007889,0.04958106310740687,0.008802799103459066,-0.242374938135197,-0.00023138468926042939,0.049812447796667297
2025-10-12T08:00:00Z,USED,,,2025-07-14T08:00:00Z,2025-10-12T08:00:00Z,90,-0.0012190820948558498,0.79173770121007814,0.023525168053464662,0.028943956978996533,0.04700125607313875,0.051425899671440643,0.049236762294310961,0.069118824061048703,0.033175354130678791,1.5038093065490556,0.061643545273184587,0.0074752787878641161
2025-10-13T08:00:00Z,USED,,,2025-07-15T08:00:00Z,2025-10-13T08:00:00Z,90,-0.0014213527822085103,0.88063755729385818,0.02301267307486313,0.028519736422945485,0.046791394759942671,0.05178276846088771,0.050135525634992642,-0.049538943871802764,-0.031936085249634455,-1.1417540985268051,-0.054398929905048937,0.0048599860332461733
2025-10-14T08:00:00Z,USED,,,2025-07-16T08:00:00Z,2025-10-14T08:00:00Z,90,-0.0026538740794271728,0.89599011438256781,0.02108249044175517,0.028972011814719114,0.046833841741095221,0.052015410471939617,0.049468450597725915,0.038873117712176171,0.0066132244054764536,0.87347253412735726,0.02434036004337611,0.014532757668800061
2025-10-15T08:00:00Z,USED,,,2025-07-17T08:00:00Z,2025-10-15T08:00:00Z,90,-0.0020708784418484619,0.86904906750453814,0.021956681595406927,0.029198570843420549,0.047081505731324788,0.051722098622310891,0.049504693374085786,-0.025382425021759792,-0.014820421860233563,-0.69695167935385216,-0.028182419908616526,0.002799994886856734
2025-10-16T08:00:00Z,USED,,,2025-07-18T08:00:00Z,2025-10-16T08:00:00Z,90,-0.0014777555628858259,0.74112857852643144,0.02478805953782744,0.028495790227266091,0.045995017991462418,0.050072739459792411,0.047081423060687889,-0.081043056170945219,-0.045445366487949265,-2.1754869699229502,-0.087606960400044467,0.0065639042290992489
2025-10-17T08:00:00Z,USED,,,2025-07-19T08:00:00Z,2025-10-17T08:00:00Z,90,-0.0017812182918199898,0.77304298219396561,0.024432509689916306,0.029535774634405335,0.046747611886593619,0.050672909760671112,0.047270618657834731,0.067535053956371757,0.010867504322187027,0.64513369047665192,0.024163283094091534,0.043371770862280223
2025-10-18T08:00:00Z,USED,,,2025-07-20T08:00:00Z,2025-10-18T08:00:00Z,90,-0.0013463431951950336,0.79091448219917637,0.02424859126268207,0.029386062758684588,0.044890682993139357,0.050979197099039059,0.047451107265881233,-0.029719308040707517,-0.0022672070637711418,-0.31829982971303644,-0.0095114893705735941,-0.020207818670133923
2025-10-19T08:00:00Z,USED,,,2025-07-21T08:00:00Z,2025-10-19T08:00:00Z,90,-0.0014061127450506951,0.78580588264683071,0.024430366416646591,0.02951049677914978,0.044808986195001198,0.05020579530113408,0.047464325215599783,0.0326137036287956,0.040577979739982853,1.174119628753594,0.060570587933029801,-0.027956884304234202
2025-10-20T08:00:00Z,USED,,,2025-07-22T08:00:00Z,2025-10-20T08:00:00Z,90,-0.0014853557703457122,0.73449547055546294,0.024806390190037657,0.029840517280742898,0.044830204173394998,0.050712059797765323,0.047644382160942252,-0.041114703669671467,-0.028562077169621704,-0.67211798519030419,-0.037651537305115376,-0.0034631663645560903
2025-10-21T08:00:00Z,USED,,,2025-07-23T08:00:00Z,2025-10-21T08:00:00Z,90,-0.0015228583054418059,0.73757493276690111,0.024805903717416103,0.029953196197712393,0.04483839489355778,0.050761527063871055,0.047699759870141127,0.0028406724855488475,0.00064148713718543699,0.070984136503563944,0.0022339704876517094,0.00060670199789713804
2025-10-22T08:00:00Z,USED,,,2025-07-24T08:00:00Z,2025-10-22T08:00:00Z,90,-0.0010537796510217514,0.86449039122632121,0.021224223382599511,0.029589458404951814,0.044308559785765901,0.049312667428171988,0.047004065469539349,-0.00097752377824322561,0.011629934743276825,0.23053947694624222,0.014946988193366664,-0.015924511971609889
2025-10-23T08:00:00Z,USED,,,2025-07-25T08:00:00Z,2025-10-23T08:00:00Z,90,-0.0015843110718840197,0.96417165096827329,0.019225397131413521,0.029175777999584443,0.044284139034824248,0.049256495850428017,0.047015855010426676,0.01044696346720147,0.014443133008200619,0.36243780964675326,0.020893670223569645,-0.010446706756368175
2025-10-24T08:00:00Z,USED,,,2025-07-26T08:00:00Z,2025-10-24T08:00:00Z,90,-0.0016608167473571899,0.95616320018678003,0.019196575261860294,0.028668628920045732,0.044349214473983586,0.04894271861772137,0.046634720595803945,0.00041055063375228576,0.0049811637629642025,0.4095811091841714,0.012625360072540441,-0.012214809438788155
2025-10-25T08:00:00Z,USED,,,2025-07-27T08:00:00Z,2025-10-25T08:00:00Z,90,-0.001993699391672567,0.96458568643515152,0.018791100415275652,0.028316167313689959,0.044343829651266299,0.048950511249125014,0.046645537988261598,0.013733859546780526,0.0011786399208925406,0.20202924054007704,0.0049332509429644705,0.0088006086038160559
2025-10-26T08:00:00Z,USED,,,2025-07-28T08:00:00Z,2025-10-26T08:00:00Z,90,-0.0017464427456262688,0.96382128545644041,0.018883962309424438,0.028388411037891741,0.044352027866183995,0.048883306226689127,0.046581997889203211,0.061590003165889778,0.034935653061780349,1.3092184258874058,0.058394957451527126,0.0031950457143626529
2025-10-27T08:00:00Z,USED,,,2025-07-29T08:00:00Z,2025-10-27T08:00:00Z,90,-0.0015564694865048251,0.98868834305676467,0.018613088308123044,0.0295732295493049,0.044240631706851573,0.048923996066706943,0.046684959499640431,-0.026073120476966017,-0.012636416124952858,-0.082153431654046288,-0.01402260639894754,-0.012050514078018477
2025-10-28T08:00:00Z,USED,,,2025-07-30T08:00:00Z,2025-10-28T08:00:00Z,90,-0.0014084170032738819,1.016836280060514,0.017897176073312756,0.029496891701005251,0.044382176850547322,0.048818502706755008,0.046548680132098841,-0.0044556542298432337,-0.0075035700951609722,-0.54035764230143524,-0.017300778169565739,0.012845123939722505
2025-10-29T08:00:00Z,USED,,,2025-07-31T08:00:00Z,2025-10-29T08:00:00Z,90,-0.0012354732129950369,1.0192577694990441,0.017788087018301584,0.029354475148355756,0.04464901664687522,0.048922149800861951,0.046598940834156756,-0.0045860159213641453,-0.018376945062715991,0.18782203623436655,-0.015389849310338866,0.010803833388974721
2025-10-30T08:00:00Z,USED,,,2025-08-01T08:00:00Z,2025-10-30T08:00:00Z,90,-0.0011638986094902846,0.99497571851722644,0.018161710839642926,0.02916767936730506,0.044307363019485492,0.048128629474441353,0.045914216139789368,-0.027902616119433954,-0.016257745609012598,-0.90286370795877391,-0.032573611710352661,0.004670995590918707
2025-10-31T08:00:00Z,USED,,,2025-08-02T08:00:00Z,2025-10-31T08:00:00Z,90,-0.001130040131967755,0.99491428064870935,0.018134535030043492,0.029166551679888405,0.044456561231494988,0.048240813244795365,0.045943091441281024,0.030111612775034428,0.0057780309875036283,0.38996975401619527,0.01282056570836226,0.017291047066672168
2025-11-01T08:00:00Z,USED,,,2025-08-03T08:00:00Z,2025-11-01T08:00:00Z,90,-0.00088137597572432902,0.99385348930636608,0.018282572903940669,0.029182547597936745,0.044732153127801343,0.048236487106756716,0.046047307202880701,0.012094574273245465,0.0061322336506181548,0.32384797627471462,0.012015316046944887,7.9258226300577689e-05
2025-11-02T08:00:00Z,USED,,,2025-08-04T08:00:00Z,2025-11-02T08:00:00Z,90,-0.00061851255415891016,0.98049534288696738,0.018711127522956155,0.029030740080555478,0.044640668399994254,0.048103114058766931,0.045937877656480032,-0.054738075647573367,-0.029724437676863238,-1.6076069515928748,-0.059224811390143399,0.0044867357425700319
2025-11-03T08:00:00Z,USED,,,2025-08-05T08:00:00Z,2025-11-03T08:00:00Z,90,-0.00046219354984179071,0.96471245088402702,0.019119826346716721,0.029403977853235803,0.044477097534802335,0.048810389273441064,0.046458714527483458,-0.0015826797816190592,-0.028802107750684803,-1.6325812692634663,-0.059000422324008817,0.057417742542389759
2025-11-04T08:00:00Z,USED,,,2025-08-06T08:00:00Z,2025-11-04T08:00:00Z,90,0.00014230701846677226,0.96411692764994028,0.018208705610688183,0.030080072310442837,0.04517297353216896,0.049352545915661503,0.046763483764228078,-0.025199613386052793,-0.025035904399703348,-0.09657374668767213,-0.025896022153936608,0.00069640876788381462
2025-11-05T08:00:00Z,USED,,,2025-08-07T08:00:00Z,2025-11-05T08:00:00Z,90,0.00022331815492310241,0.96127662611871856,0.018291228490273342,0.030023924823475295,0.045162320766780867,0.049347469721536454,0.046769029829721788,0.041056538354960745,0.012156402822979105,-0.15574215861897067,0.0088369504825454338,0.032219587872415315
2025-11-06T08:00:00Z,USED,,,2025-08-08T08:00:00Z,2025-11-06T08:00:00Z,90,0.00070255047918594258,1.0106869854829488,0.017380831014134825,0.03002865823265324,0.045082252169125932,0.048428825149556959,0.046166017459471957,0.068734108479415135,-0.012868905494117467,0.90302500927603757,0.0026888897874497997,0.066045218691965335
2025-11-07T08:00:00Z,USED,,,2025-08-09T08:00:00Z,2025-11-07T08:00:00Z,90,0.0011949708390056677,0.86324312786987001,0.020570608984558692,0.030033737155675134,0.045207386043439927,0.048162544931234598,0.046657921562464219,0.025166261260279196,0.0035988612982775555,1.6179192175418651,0.036388275876551794,-0.011222014616272598
2025-11-08T08:00:00Z,USED,,,2025-08-10T08:00:00Z,2025-11-08T08:00:00Z,90,0.00059151088323891664,0.81405469165857047,0.021754032764182932,0.029986119973391408,0.046351491403450143,0.048907698164442119,0.047305434614612979,0.0076126213254376013,-0.0034126056633088497,-0.43391671831938716,-0.012217486158243862,0.019830107483681463
2025-11-09T08:00:00Z,USED,,,2025-08-11T08:00:00Z,2025-11-09T08:00:00Z,90,0.00072226946932416069,0.80700488983608165,0.021754781883131777,0.02994548426141224,0.046240393506869086,0.048963346288304087,0.047512429392670516,0.032646295370718031,0.043243408061476495,0.79242735662076236,0.052136726060299933,-0.019490430689581902
2025-11-10T08:00:00Z,USED,,,2025-08-12T08:00:00Z,2025-11-10T08:00:00Z,90,0.00027343451345894862,0.77855691813377481,0.022128208034788484,0.029963415906204043,0.046559002856982765,0.048950738367065684,0.047485517314182414,0.010361892406478423,-0.013765213716185764,-0.35330615699957851,-0.018535034510384671,0.028896926916863096
2025-11-11T08:00:00Z,USED,,,2025-08-13T08:00:00Z,2025-11-11T08:00:00Z,90,0.0010612394003750186,0.66969978055258572,0.024510912602068408,0.029887557266021547,0.045688808972826345,0.048343133434085576,0.04707882131967997,-0.042479039875188959,-0.01543547332692592,-0.50371991111684933,-0.022683767817074339,-0.01979527205811462
2025-11-12T08:00:00Z,USED,,,2025-08-14T08:00:00Z,2025-11-12T08:00:00Z,90,0.00094326417021314845,0.70016394136057891,0.024115713686690677,0.029936707265466045,0.04574832328955751,0.048385024696066349,0.047082453734497272,-0.011595171248061687,0.0029764717877949179,0.43134997309705064,0.012486330668261259,-0.024081501916322946
2025-11-13T08:00:00Z,USED,,,2025-08-15T08:00:00Z,2025-11-13T08:00:00Z,90,0.00072125369772000031,0.70854998553382309,0.023612577999689438,0.030106898307468995,0.045232604258923961,0.04806229884622245,0.046833182815473919,-0.048493126699945419,-0.063672435692610219,-1.0770104564483272,-0.070546096798269509,0.02205297009832409
2025-11-14T08:00:00Z,USED,,,2025-08-16T08:00:00Z,2025-11-14T08:00:00Z,90,0.00089467951559464522,0.62615651632967662,0.024995577410696315,0.030537947281068262,0.045244847169636435,0.048431945899694344,0.04697907658732968,0.031224674596993685,-0.010282986841551722,0.25464130320323597,-7.385281199285415e-05,0.031298527408986539
2025-11-15T08:00:00Z,USED,,,2025-08-17T08:00:00Z,2025-11-15T08:00:00Z,90,0.0011697716275370158,0.58905543732134436,0.025829284443539678,0.030536832938213122,0.04535963921994373,0.048440341566570115,0.04708648183791183,-0.031487908572668595,-0.0030356599291357983,0.0087297715353310684,-0.0015626882350027866,-0.029925220337665807
2025-11-16T08:00:00Z,USED,,,2025-08-18T08:00:00Z,2025-11-16T08:00:00Z,90,0.00090627823336572545,0.59469344435783511,0.025427993752052451,0.030367464852783202,0.044993285729929465,0.048218709395905356,0.046778720271061586,-0.010784115414727964,-0.0026365351998342205,-0.55090282592219664,-0.015576283814697741,0.0047921683999697772
2025-11-17T08:00:00Z,USED,,,2025-08-19T08:00:00Z,2025-11-17T08:00:00Z,90,0.00083585602800893865,0.59582449756189837,0.025451333026027999,0.030411914140098428,0.045225966943046696,0.048181277362884689,0.046800684751148958,-0.055098891533110539,-0.056894866897573261,-0.68010582235662587,-0.051208955260836797,-0.0038899362722737418
2025-11-18T08:00:00Z,USED,,,2025-08-20T08:00:00Z,2025-11-18T08:00:00Z,90,0.00083995151752927532,0.61073108374506591,0.025226234740547502,0.030350196269002972,0.045258524662173442,0.048324403436856157,0.046938511773884591,0.035449213791111885,0.014785311714720995,0.32477703981116557,0.017222751291656777,0.018226462499455108
2025-11-19T08:00:00Z,USED,,,2025-08-21T08:00:00Z,2025-11-19T08:00:00Z,90,0.0011171098062156635,0.6201912824708572,0.025174929873876702,0.030476977358154113,0.045235125624202885,0.048181085465001099,0.046803110147543611,-0.02575060791364113,0.0054570828290977083,-0.12906309684040662,0.00013528078606520706,-0.025885888699706337
2025-11-20T08:00:00Z,USED,,,2025-08-22T08:00:00Z,2025-11-20T08:00:00Z,90,0.00099316239939327053,0.59678964624027253,0.025639615597248075,0.030472964865121518,0.045252204624905208,0.048165765027870996,0.046805139060044632,-0.075469737113976407,-0.09429255809123642,-2.4049447258529284,-0.11793468068985757,0.042464943575881167
2025-11-21T08:00:00Z,USED,,,2025-08-23T08:00:00Z,2025-11-21T08:00:00Z,90,0.0013298799499443183,0.46941867495984851,0.027550147745868281,0.031103034413366915,0.046213570077840709,0.048892783537598676,0.045848712752568833,0.067277731114795139,0.007283648012201261,1.2899267354579196,0.038956752541972686,0.028320978572822453
2025-11-22T08:00:00Z,USED,,,2025-08-24T08:00:00Z,2025-11-22T08:00:00Z,90,0.0012932636579726688,0.44051425633697949,0.029476278467196974,0.03454356649389461,0.046194173352358758,0.04888036879909155,0.046049158837911663,-0.0076516237756931987,0.01264497856602822,0.3835513452424264,0.016875959588244734,-0.024527583363937934
2025-11-23T08:00:00Z,USED,,,2025-08-25T08:00:00Z,2025-11-23T08:00:00Z,90,0.00075727625119228093,0.43570397837649871,0.029615615619659048,0.034426435048673584,0.045787826086769914,0.048707263885489842,0.045749113200152236,-0.035950378403532622,0.017095662429553293,0.15682720614967924,0.012093182389571938,-0.04804356079310456
2025-11-24T08:00:00Z,USED,,,2025-08-26T08:00:00Z,2025-11-24T08:00:00Z,90,0.00025456240884474089,0.3948238164639466,0.030098778871500188,0.034100305779150152,0.045802659153349211,0.048641415531977115,0.045591330990383754,0.016194527366487084,0.0050185527658416539,-0.019858258198527306,0.0013837348338446675,0.014810792532642416
2025-11-25T08:00:00Z,USED,,,2025-08-27T08:00:00Z,2025-11-25T08:00:00Z,90,0.00032621248910882575,0.40350044658586626,0.029857183831157291,0.034194273337347571,0.045749292166907277,0.04856286455885548,0.045587577769598438,0.014313009433918184,0.0027391172160690707,0.26519098582911754,0.0090230910342006948,0.0052899183997174894
2025-11-26T08:00:00Z,USED,,,2025-08-28T08:00:00Z,2025-11-26T08:00:00Z,90,0.00051862550132993957,0.41395322351728209,0.029711601841689396,0.034172909645278075,0.045765629791035246,0.048538863441179081,0.045592870501921123,0.0022704456372846802,0.040334525001328086,0.28757007843232185,0.025240774315302705,-0.022970328678018025
2025-11-27T08:00:00Z,USED,,,2025-08-29T08:00:00Z,2025-11-27T08:00:00Z,90,0.0001370588864326969,0.36923318663512811,0.030518673355209497,0.033976353417598193,0.045747165317788989,0.048449260298691843,0.04547260662568179,-0.0061905071373845157,-0.0039289559494427766,-0.45412767215205191,-0.015310075013331943,0.0091195678759474277
2025-11-28T08:00:00Z,USED,,,2025-08-30T08:00:00Z,2025-11-28T08:00:00Z,90,0.00020976783983018884,0.37446090988181646,0.030380255855171446,0.0339991207984226,0.045778237632048781,0.048494439045599427,0.045477641124473382,-0.0089420814903218432,-0.006485672447688144,-0.16039083704149104,-0.0073013454721023371,-0.001640736018219506
2025-11-29T08:00:00Z,USED,,,2025-08-31T08:00:00Z,2025-11-29T08:00:00Z,90,0.00027201650055011501,0.37327926542941131,0.030401221108553655,0.033795009308318143,0.045773263114817823,0.048485473542520099,0.045476618580779109,0.0054354035052085019,0.005551658453858457,-0.080927393601534586,-0.00038797259704793701,0.0058233761022564393
2025-11-30T08:00:00Z,USED,,,2025-09-01T08:00:00Z,2025-11-30T08:00:00Z,90,0.00033666628211566092,0.3759314571265906,0.030351785734027539,0.033820903096172077,0.045764677944854254,0.048484574693935141,0.045494593952204586,-0.044490740284793447,-0.050951092098369739,-1.284066417636289,-0.058127827071088219,0.013637086786294772
2025-12-01T08:00:00Z,USED,,,2025-09-02T08:00:00Z,2025-12-01T08:00:00Z,90,0.00073017432648465603,0.36743592879714865,0.030692140505993299,0.033523804948263042,0.046518391566863999,0.049155151457954308,0.046012010368107877,0.0032457850715806942,0.006386457024126155,0.0088693392822196578,0.0026188327758280791,0.00062695229575261517
2025-12-02T08:00:00Z,USED,,,2025-09-03T08:00:00Z,2025-12-02T08:00:00Z,90,0.00060893011339030684,0.36863512806944065,0.030500840812867188,0.033102941193666371,0.046520821010991843,0.049120194649023667,0.04602852925944019,0.058852398054942363,0.066783145314843625,2.1985216305942226,0.091675371604417036,-0.032822973549474672
2025-12-03T08:00:00Z,USED,,,2025-09-04T08:00:00Z,2025-12-03T08:00:00Z,90,0.00038289729942459855,0.3330091541912073,0.031186321174067187,0.035149679622874165,0.047503391041699504,0.050461455087722297,0.046609444781682767,-0.0010645970501237626,0.0029361307372930282,0.17629757890959505,0.0064758313315058423,-0.0075404283816296047
2025-12-04T08:00:00Z,USED,,,2025-09-05T08:00:00Z,2025-12-04T08:00:00Z,90,0.00044680047705901704,0.34293308058085314,0.030994893452646315,0.035091182056342714,0.047478180836439586,0.050433125675360291,0.046595907337180879,-0.016651175476177456,-0.010369811985760705,-0.48337557682325893,-0.018538326070569537,0.0018871505943920813
2025-12-05T08:00:00Z,USED,,,2025-09-06T08:00:00Z,2025-12-05T08:00:00Z,90,0.00054284949162814865,0.33595088370090376,0.031163464282852479,0.035138896025551973,0.047513203466222807,0.050448888743100356,0.046605316796369145,-0.029588943668684767,-0.029760280475360612,-0.75668287680693158,-0.033578852329703021,0.0039899086610182544
2025-12-06T08:00:00Z,USED,,,2025-09-07T08:00:00Z,2025-12-06T08:00:00Z,90,0.00054777821798523561,0.33378534412250066,0.031268104931580894,0.035097224816646969,0.047628708806150312,0.050736814410174462,0.046810181561568992,0.011004261385520424,-0.0033349084451949509,0.32837738422056811,0.0091545949439703483,0.0018496664415500758
2025-12-07T08:00:00Z,USED,,,2025-09-08T08:00:00Z,2025-12-07T08:00:00Z,90,0.00067262874485300738,0.33327125708617877,0.031254639483772398,0.035133272556650802,0.047727231916546771,0.050168813191815126,0.04680448365441825,-0.0046377103641976952,0.02589521482846225,0.39099850816977749,0.020850648209937504,-0.0254883585741352
2025-12-08T08:00:00Z,USED,,,2025-09-09T08:00:00Z,2025-12-08T08:00:00Z,90,0.00031309655234561137,0.30527205759744586,0.031699124997321325,0.035187273605518037,0.047735590534306822,0.050064953937105423,0.046789282179918346,-0.012716610640254844,-0.012974264885303635,-0.38937941689511052,-0.016303667344893129,0.0035870567046382851
2025-12-09T08:00:00Z,USED,,,2025-09-10T08:00:00Z,2025-12-09T08:00:00Z,90,0.00037819814039771651,0.30429003440533647,0.031768910799043024,0.035493552429400374,0.047738084880779921,0.050054557253265894,0.046785170528360571,0.018142837149350159,0.024042978919243452,0.2244308392635235,0.014445962195660611,0.0036968749536895485
2025-12-10T08:00:00Z,USED,,,2025-09-11T08:00:00Z,2025-12-10T08:00:00Z,90,0.0004966653115713748,0.30786962749525471,0.031724356335501892,0.035406558275755604,0.047576036853463143,0.050129639769286825,0.046675838127565969,-0.020396108673013776,-0.027128447260406547,-0.7700223596101996,-0.032780488675163977,0.012384380002150201
2025-12-11T08:00:00Z,USED,,,2025-09-12T08:00:00Z,2025-12-11T08:00:00Z,90,0.00069951172606543802,0.30510504739192812,0.03175482000284275,0.035411228722913163,0.047704647433028886,0.050188065148625255,0.046827483865081211,0.00039723364690045089,0.024296957335027729,0.55800653041402071,0.025132521252891317,-0.024735287605990867
2025-12-12T08:00:00Z,USED,,,2025-09-13T08:00:00Z,2025-12-12T08:00:00Z,90,0.00055188521402210712,0.27954565617258609,0.032131980704734796,0.035607250425087611,0.04773318124970273,0.049220963519983764,0.046740194959491707,-0.016892893912959631,-0.022534194479010752,-0.3310154340797764,-0.016935517722776516,4.2623809816885738e-05
2025-12-13T08:00:00Z,USED,,,2025-09-14T08:00:00Z,2025-12-13T08:00:00Z,90,0.00038796658895605136,0.27681632012186819,0.032182192123376592,0.03559803278933988,0.047743148199124161,0.049100411897871225,0.046715749555503006,-0.0082727764274306871,-0.0019469555525650833,-0.0059262710145251973,-0.00072966946386655266,-0.0075431069635641347
2025-12-14T08:00:00Z,USED,,,2025-09-15T08:00:00Z,2025-12-14T08:00:00Z,90,0.00035651998119811095,0.28029742737598251,0.031946238076500169,0.035574101818962874,0.047730019500141795,0.048550638343103393,0.046622946040790432,-0.010392083075940951,-0.0057622260899433215,-0.24619247195880808,-0.0094800604708080542,-0.0009120226051328971
2025-12-15T08:00:00Z,USED,,,2025-09-16T08:00:00Z,2025-12-15T08:00:00Z,90,0.00043981007096538261,0.2827047905599791,0.031884087335906176,0.035620984454342003,0.047729284442408565,0.048556746715037645,0.04658888283767619,-0.066818007705526941,-0.041315540258904729,-1.3493193135719481,-0.054701915993719007,-0.012116091711807934
2025-12-16T08:00:00Z,USED,,,2025-09-17T08:00:00Z,2025-12-16T08:00:00Z,90,0.00038914312273174913,0.29199617010604756,0.03217471528387416,0.036202591590614015,0.047888317654130146,0.048822959820545429,0.047126174000786725,0.01821282940652745,0.011217896641914683,0.53161282752270778,0.020380074222883005,-0.0021672448163555548
2025-12-17T08:00:00Z,USED,,,2025-09-18T08:00:00Z,2025-12-17T08:00:00Z,90,0.00045325317174513995,0.28472717605000003,0.032333463335379294,0.035869314314170161,0.047955539545566035,0.048650389472809835,0.047206566226601653,-0.061482852504414133,-0.002468603370673251,-0.90427270349641808,-0.029941146770205051,-0.031541705734209086
2025-12-18T08:00:00Z,USED,,,2025-09-19T08:00:00Z,2025-12-18T08:00:00Z,90,6.9588512118710203e-05,0.25060596345152319,0.033533686509263187,0.035792463547012071,0.04812677372122711,0.048840955765279345,0.047337894273437854,0.023573798581995882,0.012387697814396581,0.86890336188874762,0.03224196389014531,-0.0086681653081494281
2025-12-19T08:00:00Z,USED,,,2025-09-20T08:00:00Z,2025-12-19T08:00:00Z,90,-2.8855938603047655e-05,0.25359215322299045,0.033698469498350758,0.037322843836588147,0.048111583929452903,0.048881779344234988,0.047325160949547057,0.051323726491181401,0.003974217569313836,0.53958821829253056,0.019191127506579208,0.03213259898460219
2025-12-20T08:00:00Z,USED,,,2025-09-21T08:00:00Z,2025-12-20T08:00:00Z,90,0.0003038322197528004,0.24035891857534258,0.034345879214369934,0.037344307405824242,0.048154834274303913,0.048999224085867862,0.047536512943282719,-0.00081566957838326,-0.001255208918047371,-0.16268904780942736,-0.0058893990436914394,0.0050737294653081791
2025-12-21T08:00:00Z,USED,,,2025-09-22T08:00:00Z,2025-12-21T08:00:00Z,90,0.0002927695327712534,0.23368016691113583,0.034080547644564217,0.037075815782678427,0.047407213789158124,0.047595790522591525,0.046789952937371877,-0.010724752020146095,0.011263253717358557,-0.011227511552126267,0.0022493592662526847,-0.01297411128639878
2025-12-22T08:00:00Z,USED,,,2025-09-23T08:00:00Z,2025-12-22T08:00:00Z,90,0.00019731895119443337,0.22509337874024946,0.034274136915124147,0.037096997646187187,0.047420383451089183,0.047567595962596299,0.04675279769271054,0.030595107057416349,-0.017142177321875538,-0.20688764024276474,-0.010949485920072912,0.041544592977489261
2025-12-23T08:00:00Z,USED,,,2025-09-24T08:00:00Z,2025-12-23T08:00:00Z,90,0.00048627775230626375,0.20067298200178685,0.034774540609053738,0.037088179850048426,0.047424792517329999,0.047567413307214625,0.046775937837996981,-0.030307301693728708,-0.0056810034185510762,-0.38275982514253343,-0.014450320979696325,-0.015856980714032382
2025-12-24T08:00:00Z,USED,,,2025-09-25T08:00:00Z,2025-12-24T08:00:00Z,90,0.00036689222823606694,0.19915715369250933,0.034817863325378569,0.037063230026666859,0.047384331937148069,0.047575290628134446,0.046704556639189022,0.015280012056571871,0.0080551399051376274,0.15833511452953342,0.0071171291133996159,0.0081628829431722554
2025-12-25T08:00:00Z,USED,,,2025-09-26T08:00:00Z,2025-12-25T08:00:00Z,90,0.00066087484134491582,0.18519883072882279,0.035057686921440519,0.037059294054931483,0.047394795006259427,0.047491831168541346,0.046704545085148957,-0.020974836666794491,0.011032508961643078,0.15904095683190062,0.0076188158320006655,-0.028593652498795155
2025-12-26T08:00:00Z,USED,,,2025-09-27T08:00:00Z,2025-12-26T08:00:00Z,90,0.00028844895715089816,0.1725714227235973,0.035289248343700147,0.037352319639246317,0.047390638714580179,0.047399952243029904,0.046686561777281067,-0.01016869427284719,-0.01383107827997446,-0.18396127120479172,-0.0088787038417453071,-0.0012899904311018829
2025-12-27T08:00:00Z,USED,,,2025-09-28T08:00:00Z,2025-12-27T08:00:00Z,90,0.00042302304967097726,0.17602712174399465,0.035212392524341697,0.037349946495158146,0.047383480826792744,0.04743481907330184,0.04668446737023061,0.010888272577177803,0.0016151418453156368,0.67962065076606748,0.02421537789266251,-0.013327105315484707
2025-12-28T08:00:00Z,USED,,,2025-09-29T08:00:00Z,2025-12-28T08:00:00Z,90,0.00029608061681847867,0.18666689905457032,0.034905348843047905,0.037406918192318089,0.04748255507765315,0.047417666883170562,0.046871990701999974,-0.02117600598060939,0.021656703218627432,0.083681893190795525,0.0069635353072377074,-0.028139541287847097
2025-12-29T08:00:00Z,USED,,,2025-09-30T08:00:00Z,2025-12-29T08:00:00Z,90,-0.00014767026431456923,0.14750726958638116,0.035776332505723839,0.03741305018087069,0.047486690588405045,0.047516749103394151,0.046895834238880239,-0.02089212850236442,-0.024057776998082394,-0.61298988582636749,-0.025479226975274997,0.0045870984729105765
2025-12-30T08:00:00Z,USED,,,2025-10-01T08:00:00Z,2025-12-30T08:00:00Z,90,-0.00030811113039527782,0.13930731607835592,0.035959466041547136,0.037581307385335605,0.047490156857123732,0.047532418139109384,0.047025105234586043,-0.000387497515809358,0.012552891413529957,-0.012322153186432308,0.0013056115627756433,-0.0016931090785850013
2025-12-31T08:00:00Z,USED,,,2025-10-02T08:00:00Z,2025-12-31T08:00:00Z,90,-0.00078594786747715332,0.15531832084342326,0.033799386197669964,0.037312985650628801,0.045732748108148528,0.04636219404050243,0.046018476216030287,-0.0034537674608764086,-0.010835032237302618,-0.46217969578304208,-0.017304269043874859,0.013850501582998451
2026-01-01T08:00:00Z,USED,,,2025-10-03T08:00:00Z,2026-01-01T08:00:00Z,90,-0.00074525826959642944,0.1497855403670254,0.03385710152582326,0.037250570462872237,0.045704376942287267,0.046471024038042839,0.046050287134144954,0.004652833300220832,0.01406155174565598,0.74799136002487021,0.027431036543422618,-0.022778203243201785
2026-01-02T08:00:00Z,USED,,,2025-10-04T08:00:00Z,2026-01-02T08:00:00Z,90,-0.0018374426351373695,0.072823252603775673,0.035509762992033421,0.037220198503125676,0.045759223935856429,0.047310852072442698,0.046268731792645984,0.026478518748928138,0.0070989592246316555,1.1289759311629906,0.040606637040147289,-0.014128118291219151
2026-01-03T08:00:00Z,USED,,,2025-10-05T08:00:00Z,2026-01-03T08:00:00Z,90,-0.0019625470026387259,0.08565204145373527,0.03528960043700563,0.037604734583686211,0.045737522011692448,0.048247304379824711,0.046290780220186477,0.029273881604361691,0.021336463205986658,0.80438871809435908,0.030214068088580359,-0.00094018648421866774
2026-01-04T08:00:00Z,USED,,,2025-10-06T08:00:00Z,2026-01-04T08:00:00Z,90,-0.0017735328686477555,0.08843501932732184,0.035343119479728111,0.037643303201323718,0.045746783708007978,0.049045885462741842,0.046440250760186187,0.13735411855809856,0.012010740856220836,0.25982191589123882,0.010245087116551265,0.12710903144154731
2026-01-05T08:00:00Z,USED,,,2025-10-07T08:00:00Z,2026-01-05T08:00:00Z,90,-6.3520152703723393e-05,0.14405313974307651,0.034670444807294622,0.037763902671434507,0.045724323745959743,0.048975803648866167,0.046492059530573317,-0.041608170284616018,0.0080040572999393825,-0.10538872068025158,-0.0025008642389162923,-0.039107306045699723
2026-01-06T08:00:00Z,USED,,,2025-10-08T08:00:00Z,2026-01-06T08:00:00Z,90,0.00026392121105530883,0.12276754662417901,0.03437451064292181,0.037725836938868045,0.045718748449266905,0.048695404638175482,0.046385358439561084,-0.0085254951271433888,-0.0049210333618585796,-0.099935113943664111,-0.0040393638305491995,-0.0044861312965941893
2026-01-07T08:00:00Z,USED,,,2025-10-09T08:00:00Z,2026-01-07T08:00:00Z,90,0.00010432720891061157,0.12223056844730922,0.034364542133218615,0.037781408373583396,0.045685338114578714,0.048683698696153591,0.046386443611236873,-0.04255721494896355,-0.026181929176399273,-0.48676610365712308,-0.01992772636442634,-0.02262948858453721
2026-01-08T08:00:00Z,USED,,,2025-10-10T08:00:00Z,2026-01-08T08:00:00Z,90,0.00034911494077742171,0.080684977525010526,0.035787716877297177,0.037753751615738677,0.044645066484232637,0.048768521422737826,0.046209871062557681,-0.00055079986206786244,0.0056453847246514637,-0.011295124220649726,5.1271031926026795e-05,-0.00060207089399388924
2026-01-09T08:00:00Z,USED,,,2025-10-11T08:00:00Z,2026-01-09T08:00:00Z,90,0.00060957790762645699,0.1140522592735716,0.027756544765098864,0.036018303192339986,0.03506163904857966,0.040672659482476559,0.034581382719555367,-0.006427665565532926,-0.0033754753059865869,-0.15152390722531855,-0.0045907606986521623,-0.0018369048668807637
2026-01-10T08:00:00Z,USED,,,2025-10-12T08:00:00Z,2026-01-10T08:00:00Z,90,-0.0001021171001720086,0.063031711623821082,0.028976631457708582,0.035976419004998969,0.034897532230516823,0.04068941417429827,0.034505782121510342,0.0016988019704360115,0.00082927276761651661,0.068814935500532234,0.0020462955067308015,-0.00034749353629478998
2026-01-11T08:00:00Z,USED,,,2025-10-13T08:00:00Z,2026-01-11T08:00:00Z,90,-0.0002505301959060936,0.065052689961843393,0.027794830744193134,0.035766456025493686,0.034811822629369001,0.039105401438144956,0.032616920176438066,0.0045625100728131102,0.0090705917813447938,-0.72819375623721139,-0.019649955808669253,0.024212465881482362
2026-01-12T08:00:00Z,USED,,,2025-10-14T08:00:00Z,2026-01-12T08:00:00Z,90,0.00016379882612648644,0.098787619418680403,0.026500975258635252,0.035680821663958161,0.034678921776209792,0.038637902533948318,0.032491345359790792,-0.0098583079253726103,0.0047265090699076182,-0.24814022991906093,-0.0061090375145801219,-0.0037492704107924884
2026-01-13T08:00:00Z,USED,,,2025-10-15T08:00:00Z,2026-01-13T08:00:00Z,90,-1.6620594687449075e-07,0.10545709142450092,0.026044388092095711,0.035553775996966547,0.034331347137410942,0.038445937363615686,0.032328297855400222,0.038910062156921041,0.033137105857418685,1.1697289684937249,0.033959418019966534,0.0049506441369545073
2026-01-14T08:00:00Z,USED,,,2025-10-16T08:00:00Z,2026-01-14T08:00:00Z,90,6.8930388599861185e-05,0.10942939788872437,0.026247689454534269,0.035436818749287509,0.034342511959675644,0.039066374449766343,0.032941808270318201,0.0005291596584182589,0.01574759969050633,-0.74872623192035792,-0.017929083269584388,0.018458242928002647
2026-01-15T08:00:00Z,USED,,,2025-10-17T08:00:00Z,2026-01-15T08:00:00Z,90,0.00038675483485763415,0.14563046439628577,0.024123739807145581,0.034310291870692892,0.033371667718702439,0.037919719293519866,0.03173015460877944,-0.019319677970213948,-0.010684328190836262,-0.88212438542322036,-0.022836102827681785,0.003516424857467837
2026-01-16T08:00:00Z,USED,,,2025-10-18T08:00:00Z,2026-01-16T08:00:00Z,90,-6.299585101049565e-05,0.1677900702396582,0.022862821171361531,0.034358451357587201,0.032915695045069124,0.037626117113306476,0.031686818233426589,-0.015453116466566037,-0.0045966573406910271,0.27404327533685258,0.0054941289391784633,-0.0209472454057445
2026-01-17T08:00:00Z,USED,,,2025-10-19T08:00:00Z,2026-01-17T08:00:00Z,90,-5.1382652867489085e-05,0.18352640075939269,0.022406498950609036,0.034202826258896861,0.033153744073394921,0.037656205930753611,0.031782527922803838,-0.00040462260626910934,-0.00062386818504359468,-0.069042998194034061,-0.0016615081491308714,0.0012568855428617622
2026-01-18T08:00:00Z,USED,,,2025-10-20T08:00:00Z,2026-01-18T08:00:00Z,90,5.6333640514700575e-05,0.18776355543607318,0.022183670993910599,0.033916536175559654,0.032913721905119112,0.03692136069978004,0.031278052471094615,-0.024806174412682729,-0.025058473960209354,-1.611791092820287,-0.04046051147861203,0.015654337065929301
2026-01-19T08:00:00Z,USED,,,2025-10-21T08:00:00Z,2026-01-19T08:00:00Z,90,0.00037240331991146542,0.18220501191179056,0.022061601029409478,0.033797297426103323,0.033433825926389021,0.037526438222652968,0.031983717566574137,-0.020267581966759745,-0.016627897355677167,-0.21455329553150213,-0.0077630754413201726,-0.012504506525439572
2026-01-20T08:00:00Z,USED,,,2025-10-22T08:00:00Z,2026-01-20T08:00:00Z,90,0.00021446743862397813,0.19030070942930352,0.021927955214836588,0.033819663545502261,0.033436591481520707,0.037518161508162347,0.03198313761418848,-0.0071056124288066975,-0.021444964752970596,-0.094821242066869121,-0.0061602279556341984,-0.00094538447317249908
2026-01-21T08:00:00Z,USED,,,2025-10-23T08:00:00Z,2026-01-21T08:00:00Z,90,0.00030940466213551357,0.19505777854441134,0.021876795441595761,0.033857409144254183,0.033447208070308529,0.037500122974381621,0.031969070027326886,-0.0081601686460316247,0.0075358962533420507,0.0074193349414303847,0.0016322464553444093,-0.0097924151013760348
2026-01-22T08:00:00Z,USED,,,2025-10-24T08:00:00Z,2026-01-22T08:00:00Z,90,0.00022097452299774364,0.19179159525943812,0.021911335395960019,0.033853033624719822,0.033289826608522581,0.037475812847062945,0.031960437327541835,-0.016956305864269633,-0.0038427945287681118,0.011342619583717819,-0.0004884837509590513,-0.016467822113310583
2026-01-23T08:00:00Z,USED,,,2025-10-25T08:00:00Z,2026-01-23T08:00:00Z,90,0.00014308890859929081,0.19332291716596794,0.021901198738469602,0.033672340017604899,0.033281779276024041,0.037458366112445886,0.031966771689263873,0.0040787150715301474,0.00077399676268931675,-0.152079966182258,-0.0031811022514572542,0.0072598173229874016
2026-01-24T08:00:00Z,USED,,,2025-10-26T08:00:00Z,2026-01-24T08:00:00Z,90,0.00011999799985244088,0.19599789026704972,0.02179168323743743,0.033636128013835066,0.033253292276079274,0.037458672998000951,0.031952189747528184,-0.010895715884329594,-0.010387118717707422,-0.19755610047442043,-0.0063409333177859703,-0.0045547825665436239
2026-01-25T08:00:00Z,USED,,,2025-10-27T08:00:00Z,2026-01-25T08:00:00Z,90,-0.0002623632305661224,0.18635302586698965,0.021167429286460936,0.032645166735857746,0.033132408023903888,0.037030251393894952,0.031522489448934453,-0.010916845258164196,-0.0092529152872407108,-0.34085133372520365,-0.0089392552656923779,-0.0019775899924718184
2026-01-26T08:00:00Z,USED,,,2025-10-28T08:00:00Z,2026-01-26T08:00:00Z,90,-5.0938110087109878e-05,0.17593604264554705,0.021324245673807325,0.032713334699840599,0.032884062300578575,0.036961418398897196,0.031505597973337442,0.0081271015004643968,0.0064316698825836131,0.25388015511245471,0.006545365346066606,0.0015817361543977908
2026-01-27T08:00:00Z,USED,,,2025-10-29T08:00:00Z,2026-01-27T08:00:00Z,90,-0.00017074858820006106,0.17061116067469453,0.02148740091377993,0.03276336285321705,0.032591921861058706,0.036866301495871369,0.031394002392058903,0.000260753143349244,0.0084055961808854624,0.38992423343080479,0.0098125468503096613,-0.0095517937069604167
2026-01-28T08:00:00Z,USED,,,2025-10-30T08:00:00Z,2026-01-28T08:00:00Z,90,-0.00023240397041452527,0.16424526393190203,0.021590596301307073,0.032676744401247085,0.032596906736417609,0.037008235728464407,0.03146918277016298,-0.013588362867887236,-0.009809567670885231,-0.67206637745259712,-0.016121488874423284,0.0025331260065360479
2026-01-29T08:00:00Z,USED,,,2025-10-31T08:00:00Z,2026-01-29T08:00:00Z,90,-0.00018928703282490377,0.16585786475218836,0.021418402614148842,0.032545917200622373,0.032307492965521691,0.036857553771953752,0.031475212525204625,-0.03524250251506944,-0.066229664370483166,-1.9059557380690892,-0.051807238078453395,0.016564735563383955
2026-01-30T08:00:00Z,USED,,,2025-11-01T08:00:00Z,2026-01-30T08:00:00Z,90,-0.0002657633647595931,0.14778279887716683,0.021446995236745932,0.033148442324723797,0.032452635630484887,0.037390266094933955,0.031872920436094805,-0.0035042720365677572,0.0099914481357679732,-0.38938708420896129,-0.0068746187699401376,0.0033703467333723804
2026-01-31T08:00:00Z,USED,,,2025-11-02T08:00:00Z,2026-01-31T08:00:00Z,90,-0.00025181645149412266,0.15172069907953273,0.021299409995903407,0.033168768485385747,0.032338803055217663,0.037375640364134106,0.031793316858638038,-0.063961066173438719,-0.062510845458589551,-1.568431714086709,-0.042890859301940198,-0.02107020687149852
2026-02-01T08:00:00Z,USED,,,2025-11-03T08:00:00Z,2026-02-01T08:00:00Z,90,-0.00033657802871758406,0.18580629140542385,0.020651398686452053,0.03295828621600079,0.032193523204062387,0.037050533337520931,0.031414732485139867,-0.046717865632681044,-0.023286254021914209,-0.77888346641399919,-0.0204117654957378,-0.026306100136943244
2026-02-02T08:00:00Z,USED,,,2025-11-04T08:00:00Z,2026-02-02T08:00:00Z,90,-0.0010056494200169489,0.15704511489548803,0.022437086301689717,0.032394144284269046,0.031187355129377058,0.036436108891437988,0.03118677482842493,0.030948004480727716,0.027754682233150564,1.0481095177489013,0.027875260963547376,0.0030727435171803395
2026-02-03T08:00:00Z,USED,,,2025-11-05T08:00:00Z,2026-02-03T08:00:00Z,90,-0.0007644758995025068,0.13583814141142903,0.023103820390761278,0.032497281624102585,0.031377364803598325,0.036725834528703177,0.031361191089696046,-0.0051232491702928526,-0.029569483744094682,0.10093656713853698,-0.0016846433962645099,-0.0034386057740283427
2026-02-04T08:00:00Z,USED,,,2025-11-06T08:00:00Z,2026-02-04T08:00:00Z,90,-0.0013329589738979243,0.10086156245686156,0.023914015776948083,0.032478601123001674,0.031410618916507697,0.036732609960794672,0.031362199570056044,-0.10107265417519222,-0.073551506552066936,-1.3757510717668757,-0.040318252707283862,-0.060754401467908357
2026-02-05T08:00:00Z,USED,,,2025-11-07T08:00:00Z,2026-02-05T08:00:00Z,90,-0.0021484793084716423,0.30284441291536007,0.019446473802860659,0.032456240664444955,0.031472528014656796,0.037202116239198946,0.030317749261215297,-0.10152763193094966,-0.088337642703200076,-3.6276356779498924,-0.09729728372035272,-0.0042303482105969376
2026-02-06T08:00:00Z,USED,,,2025-11-08T08:00:00Z,2026-02-06T08:00:00Z,90,-0.0018775709582581222,0.26091927204933163,0.021692536037800816,0.035001846577654712,0.031818628475169107,0.037765915105908168,0.031219444326171217,0.1026846029312637,0.045863787621472522,1.8688052925197369,0.052505872235237047,0.050178730696026658
2026-02-07T08:00:00Z,USED,,,2025-11-09T08:00:00Z,2026-02-07T08:00:00Z,90,-0.0012922084510238116,0.24557149247874627,0.024059323725758884,0.036894878095280983,0.032300019717576144,0.038215483369682113,0.03142801365526289,-0.015038636378630541,0.020902354505622927,0.34723768818362999,0.013487326342059743,-0.028525962720690284
2026-02-08T08:00:00Z,USED,,,2025-11-10T08:00:00Z,2026-02-08T08:00:00Z,90,-0.0016363006532635371,0.2269495659631991,0.024159459351650443,0.036770778043428556,0.031697880637902263,0.038009326517156904,0.031420281995724386,0.023157489066505575,0.013608560886118656,-0.33342966792014239,-0.0049670235222625883,0.028124512588768164
2026-02-09T08:00:00Z,USED,,,2025-11-11T08:00:00Z,2026-02-09T08:00:00Z,90,-0.0015995451486770188,0.26176484029912289,0.023304473012974242,0.036722467784287262,0.031408914616468164,0.03797421082163023,0.031383073109457781,-0.011938838283078883,-0.022101848967663047,-0.43745581238722492,-0.015980164139482458,0.0040413258564035749
2026-02-10T08:00:00Z,USED,,,2025-11-12T08:00:00Z,2026-02-10T08:00:00Z,90,-0.0013123731111491742,0.25928510788324838,0.023183850443741185,0.036669695156396023,0.03137324000401337,0.037928578443727143,0.031395448754621413,-0.020780370383628701,-0.027530578726979907,-0.63799828322791996,-0.021929525857032974,0.001149155473404273
2026-02-11T08:00:00Z,USED,,,2025-11-13T08:00:00Z,2026-02-11T08:00:00Z,90,-0.0010355507661876321,0.24929535630921437,0.023588432200308037,0.036503399259470833,0.031346427503828253,0.037887653406785682,0.031528560242022469,0.05477692223477116,0.0011279579773300606,0.42294050409031952,0.010257698091358925,0.044519224143412237
2026-02-12T08:00:00Z,USED,,,2025-11-14T08:00:00Z,2026-02-12T08:00:00Z,90,-0.00047724948265006879,0.22136534224013413,0.024537746337827484,0.036157251370829743,0.031420915774225663,0.037564865285860768,0.031575400594550107,0.06484964704681527,-0.014414799680259306,-0.17189683858666921,-0.0074088980860577414,0.072258545132873012
2026-02-13T08:00:00Z,USED,,,2025-11-15T08:00:00Z,2026-02-13T08:00:00Z,90,4.3758350236678747e-05,0.20846354951328128,0.024501420851029476,0.03614138549700751,0.03093728029841579,0.037569216555780653,0.031364813984306655,0.056408072264044214,0.043599345811783305,1.68869906125908,0.050464400775028485,0.0059436714890157283
2026-02-14T08:00:00Z,USED,,,2025-11-16T08:00:00Z,2026-02-14T08:00:00Z,90,0.00047297615445090606,0.20818742992649078,0.025129369566091617,0.037484731118900612,0.031427270851480678,0.03782706733586217,0.031973495680646238,0.083267223871750048,0.022836087604374895,1.8126165266279182,0.050304096967169303,0.032963126904580746
2026-02-15T08:00:00Z,USED,,,2025-11-17T08:00:00Z,2026-02-15T08:00:00Z,90,0.0008279630555706256,0.16217622945718158,0.02814614942659921,0.037435703831662025,0.031280869885223134,0.042763741386676199,0.032617578619632229,-0.051217262069813363,-0.031792582152105939,-1.5068109928499498,-0.047566928460533231,-0.003650333609280132
2026-02-16T08:00:00Z,USED,,,2025-11-18T08:00:00Z,2026-02-16T08:00:00Z,90,0.0010048960711546641,0.10714305878664084,0.02978030156913276,0.037395828745367343,0.031493830555995507,0.044570481751477403,0.032700378512171724,0.0079584015435309654,-0.0023383824102827357,0.18878054347798723,0.0053714000711086686,0.0025870014724222968
2026-02-17T08:00:00Z,USED,,,2025-11-19T08:00:00Z,2026-02-17T08:00:00Z,90,0.00072255855655741169,0.093466989135958564,0.030024709210884532,0.037281217101851935,0.031664003313474326,0.044518087440649938,0.032713841329658377,-0.017902990682989391,-0.0046358330578018577,-0.039774681080798541,-0.0016275205914563304,-0.016275470091533059
2026-02-18T08:00:00Z,USED,,,2025-11-20T08:00:00Z,2026-02-18T08:00:00Z,90,0.00077389306125437581,0.11153605779140732,0.029530869344999589,0.037287275472497911,0.031678454691973904,0.044569559205821445,0.032711714211921927,-0.019407721702947894,-0.01296943469998758,-0.6254464842423938,-0.019916538026671173,0.00050881632372327956
2026-02-19T08:00:00Z,USED,,,2025-11-21T08:00:00Z,2026-02-19T08:00:00Z,90,0.00067421213409894071,0.13995287094164369,0.028321031577480508,0.036290157201552813,0.029896668882418046,0.042811303465430307,0.031320215678543192,-0.017227955405294162,0.01025164602771911,-0.12386572430656551,-0.00207325779599695,-0.015154697609297212
2026-02-20T08:00:00Z,USED,,,2025-11-22T08:00:00Z,2026-02-20T08:00:00Z,90,2.9130213641408117e-05,0.17236492001694018,0.026379785423197855,0.033187210981460318,0.029911409198652237,0.042814256964118044,0.031033674094853057,0.0061090084709204103,-0.00054265335280719842,1.0256988813970171,0.026964181998313842,-0.020855173527393432
2026-02-21T08:00:00Z,USED,,,2025-11-23T08:00:00Z,2026-02-21T08:00:00Z,90,1.5288427536307436e-05,0.20917512301113847,0.025628256227374462,0.03305831312712143,0.030103206249399665,0.04277160994018725,0.032232020170216764,-0.022355210305791726,0.0028371214930170523,-0.14501636262419484,-0.0031230612611953278,-0.019232149044596396
2026-02-22T08:00:00Z,USED,,,2025-11-24T08:00:00Z,2026-02-22T08:00:00Z,90,0.00033958857964808261,0.23718104022792216,0.025190348070823293,0.03316761284946395,0.030027267688352177,0.042711389873690754,0.03226122322296307,-0.033344931780966709,-0.032153083856046677,-1.5577766257996783,-0.046867037295999309,0.013522105515032599
2026-02-23T08:00:00Z,USED,,,2025-11-25T08:00:00Z,2026-02-23T08:00:00Z,90,0.00030177019162872616,0.2363463056087991,0.02519587961862587,0.033788410728193538,0.030372944217144517,0.042669058519702499,0.032764520508313619,-0.030096852181114433,-0.042918701325360506,-1.4011489188202986,-0.045446855986140462,0.015350003805026029
2026-02-24T08:00:00Z,USED,,,2025-11-26T08:00:00Z,2026-02-24T08:00:00Z,90,0.00040422757103699742,0.2283210176784736,0.025466551116659807,0.035985998743845005,0.030409326243999276,0.04276671614061469,0.032724080727561319,0.070088419317745357,0.029370363785059115,0.64068936991401482,0.023022019937807503,0.047066399379937854
2026-02-25T08:00:00Z,USED,,,2025-11-27T08:00:00Z,2026-02-25T08:00:00Z,90,0.0012269893758971935,0.30996311457445919,0.024190830942235987,0.035964084368727334,0.030637833368908532,0.042780089296520725,0.03281797536850118,0.020803120324953708,0.044751343642035604,1.6621865720037874,0.054080940214475667,-0.033277819889521956
2026-02-26T08:00:00Z,USED,,,2025-11-28T08:00:00Z,2026-02-26T08:00:00Z,90,0.00065752628914286912,0.29248928513443895,0.024303428283148742,0.035997219930156019,0.031601706795538496,0.04349731796311123,0.033739721048941858,-0.016339237504094342,-0.0053459440641310174,-0.42831508011220015,-0.011973156189784343,-0.004366081314309999
2026-02-27T08:00:00Z,USED,,,2025-11-29T08:00:00Z,2026-02-27T08:00:00Z,90,0.00063696025639180243,0.29029195699880117,0.024421424090579569,0.036268569435082852,0.031604781795321835,0.04350981150768473,0.033751375516948019,-0.06479124403900946,-0.056491238525669986,-1.994863637304207,-0.065116363074384953,0.00032511903537549292
